<?xml version="1.0" encoding="utf-8"?>
<template xml:space="preserve">
    <!-- Ensure every template has a unique t-name -->
    <t t-name="owl.TodoList" owl="1">

        <div class="row mt-3">
            <div class="col-1"></div>
            <div class="col-2">
                <button class="btn btn-primary" data-bs-toggle="modal" data-bs-target="#exampleModal">Add New</button>
            </div>

            <div class="col-4">
                <div class="form-outline">
                  <input type="search" id="form1" class="form-control" placeholder="Search Here Task" t-ref="search-input" t-on-keyup="searchtask"/>
                </div>
                <!-- <button type="button" class="btn btn-primary" t-on-click="searchtask">
                  Search
                </button> -->
            </div>
            <div class="col-5">
                <div class="dropdown">
                    <button class="btn btn-secondary dropdown-toggle" type="button" id="dropdownMenuButton1" data-bs-toggle="dropdown" aria-expanded="false">
                      Dropdown button
                    </button>
                    <ul class="dropdown-menu" aria-labelledby="dropdownMenuButton1">
                      <li><button class="dropdown-item" t-on-click="filter" href="#" value="all">All</button></li>
                      <li><button class="dropdown-item" t-on-click="filter" href="#" value="1">1</button></li>
                      <!-- <li><a class="dropdown-item" href="#">Another action</a></li>
                      <li><a class="dropdown-item" href="#">Something else here</a></li> -->
                    </ul>
                  </div>
            </div>

        </div>

        <div class="row">
            <div class="col">
                <table class="table">
                    <thead>
                        <tr>
                            <th class="col">Name</th>
                            <th class="col">Description</th>
                            <th class="col">Completed</th>
                            <th class="col">Actions</th>
                        </tr>
                    </thead>
                    <tbody>
                        <tr t-foreach="state.taskList" t-as="task" t-key="task.id">
                            <td>
                                <div class="form-check">
                                    <input class="form-check-input" type="checkbox" t-att-id="task.id" t-att-checked="task.completed"/>
                                    <label class="form-check-label" for="flexCheckDefault" t-att-for="task.id" t-esc="task.name" />
                                </div>
                            </td>
                            <td class="col" t-esc="task.description"/>
                            <td>
                                <input type="color" 
                                class="form-control form-control-color"  
                                id="exampleColorInput" 
                                t-att-value = "task.completed ? '#28a745' : '#dc3545'"
                                title="Choose your color"
                                readonly="readonly" />
                            </td>
                            <!-- <td class="col" t-esc="task.name"/> -->
                            <!-- <td class="col" t-esc="task.completed ? 'Yes' : 'No' "/> -->
                            <td class="col">
                                <button class="btn btn-success" data-bs-toggle="modal" data-bs-target="#exampleModal" t-on-click="()=>this.editTask(task)">Edit</button>
                                <button class="btn btn-danger" t-on-click="()=>this.deletetask(task)">Delete</button>
                            </td>
                        </tr>
                    </tbody>
                </table>
            </div>
        </div>

    

        <!-- Modal -->
        <div class="modal fade" id="exampleModal" tabindex="-1" aria-labelledby="exampleModalLabel" aria-hidden="true">
            <div class="modal-dialog">
            <div class="modal-content">
                <div class="modal-header">
                <h5 class="modal-title" id="exampleModalLabel">Modal title</h5>
                <button type="button" class="btn-close" data-bs-dismiss="modal" aria-label="Close"></button>
                </div>
                <div class="modal-body">

                    <div class="mb-3 row">
                        <label for="text" class="col-sm-2 col-form-label">Task Name</label>
                        <div class="col-sm-10">
                          <input type="text" class="form-control" id="taskname" t-model="state.task.name" t-att-value="state.task.name" />
                        </div>
                    </div>

                    <div class="mb-3 row">
                        <label for="description" class="col-sm-2 col-form-label">Description</label>
                        <div class="col-sm-10">
                          <input type="text" class="form-control-text" id="description" t-model="state.task.description" t-att-value="state.task.description"/>
                        </div>
                    </div>

                    <div class="mb-3 row">
                        <label for="text" class="col-sm-2 col-form-label">Completed</label>
                        <div class="col-sm-10">
                          <input type="checkbox" class="form-check-input" id="complete" t-model="state.task.completed" t-att-checked="state.task.completed"/>
                        </div>
                    </div>

                </div>
                <div class="modal-footer">
                <button type="button" class="btn btn-secondary" data-bs-dismiss="modal">Close</button>
                <button type="button" class="btn btn-primary" t-on-click="saveTask">Save changes</button>
                </div>
            </div>
            </div>
        </div>

    </t>
</template>
